channel,local_nonidentity_operators,weight,patterns,corrected,detected_uncorrectable,logical_failure,frame_failures
full_packed_depolarizing,15,0,1,1,0,0,0
full_packed_depolarizing,15,1,75,75,0,0,0
full_packed_depolarizing,15,2,2250,0,1800,450,2250
full_packed_depolarizing,15,3,33750,300,23400,10050,33450
full_packed_depolarizing,15,4,253125,5175,178200,69750,247950
full_packed_depolarizing,15,5,759375,13905,533880,211590,745470
lane0_only,3,0,1,1,0,0,0
lane0_only,3,1,15,15,0,0,0
lane0_only,3,2,90,0,0,90,90
lane0_only,3,3,270,60,0,210,210
lane0_only,3,4,405,135,0,270,270
lane0_only,3,5,243,45,0,198,198
lane1_only,3,0,1,1,0,0,0
lane1_only,3,1,15,15,0,0,0
lane1_only,3,2,90,0,0,90,90
lane1_only,3,3,270,60,0,210,210
lane1_only,3,4,405,135,0,270,270
lane1_only,3,5,243,45,0,198,198
same_pauli_correlated,3,0,1,1,0,0,0
same_pauli_correlated,3,1,15,15,0,0,0
same_pauli_correlated,3,2,90,0,0,90,90
same_pauli_correlated,3,3,270,60,0,210,210
same_pauli_correlated,3,4,405,135,0,270,270
same_pauli_correlated,3,5,243,45,0,198,198
