physical_error_rate,harmonic_noise_sigma,trials,receiver_rejection_rate,decoder_rejection_rate,trusted_correct_syndrome_rate,receiver_false_trust_rate,accepted_logical_residual_rate,success_rate,frame_error_rate
0.001,0,30,0.000000000000E+12,0.000000000000E+12,1.000000000000E+0,0.000000000000E+12,0.000000000000E+12,1.000000000000E+0,0.000000000000E+12
0.001,0.02,30,0.000000000000E+12,0.000000000000E+12,1.000000000000E+0,0.000000000000E+12,0.000000000000E+12,1.000000000000E+0,0.000000000000E+12
0.001,0.05,30,0.000000000000E+12,0.000000000000E+12,1.000000000000E+0,0.000000000000E+12,0.000000000000E+12,1.000000000000E+0,0.000000000000E+12
0.001,0.10,30,3.333333333333E-2,0.000000000000E+12,9.666666666667E-1,0.000000000000E+12,0.000000000000E+12,9.666666666667E-1,3.333333333333E-2
0.001,0.20,30,8.666666666667E-1,0.000000000000E+12,1.333333333333E-1,0.000000000000E+12,0.000000000000E+12,1.333333333333E-1,8.666666666667E-1
0.001,0.35,30,1.000000000000E+0,0.000000000000E+12,0.000000000000E+12,0.000000000000E+12,0.000000000000E+12,0.000000000000E+12,1.000000000000E+0
0.001,0.50,30,1.000000000000E+0,0.000000000000E+12,0.000000000000E+12,0.000000000000E+12,0.000000000000E+12,0.000000000000E+12,1.000000000000E+0
0.01,0,30,0.000000000000E+12,0.000000000000E+12,1.000000000000E+0,0.000000000000E+12,0.000000000000E+12,1.000000000000E+0,0.000000000000E+12
0.01,0.02,30,0.000000000000E+12,0.000000000000E+12,1.000000000000E+0,0.000000000000E+12,0.000000000000E+12,1.000000000000E+0,0.000000000000E+12
0.01,0.05,30,0.000000000000E+12,0.000000000000E+12,1.000000000000E+0,0.000000000000E+12,0.000000000000E+12,1.000000000000E+0,0.000000000000E+12
0.01,0.10,30,0.000000000000E+12,0.000000000000E+12,1.000000000000E+0,0.000000000000E+12,0.000000000000E+12,1.000000000000E+0,0.000000000000E+12
0.01,0.20,30,9.000000000000E-1,0.000000000000E+12,1.000000000000E-1,0.000000000000E+12,0.000000000000E+12,1.000000000000E-1,9.000000000000E-1
0.01,0.35,30,1.000000000000E+0,0.000000000000E+12,0.000000000000E+12,0.000000000000E+12,0.000000000000E+12,0.000000000000E+12,1.000000000000E+0
0.01,0.50,30,1.000000000000E+0,0.000000000000E+12,0.000000000000E+12,0.000000000000E+12,0.000000000000E+12,0.000000000000E+12,1.000000000000E+0
