code_id,alphabet_dimension,n,k,distance,decoder_radius,error_weight,total_error_patterns,patterns_tested,coverage,selection_policy,corpus_sha256,corrected,rejected,miscorrected,conditional_failure_fraction,statistical_claim
qutrit_cyclic_5,3,5,1,3,1,0,1,1,exhaustive,exact_or_evenly_spaced_ordinal_v1,659d36ca563ba4622daabb36a71dafaf6060cdcbf89bb12e75426198496d272c,1,0,0,0,none
qutrit_cyclic_5,3,5,1,3,1,1,40,8,deterministic_corpus,exact_or_evenly_spaced_ordinal_v1,982d91d613e3901d248bc6b11ab5a6f71bab02d2a2a0012848e7ad22b59e29b4,8,0,0,0,none
qutrit_cyclic_5,3,5,1,3,1,2,640,8,deterministic_corpus,exact_or_evenly_spaced_ordinal_v1,c89df1b404312474909484fc7727242bc7e7d154e4bbb0d873b86ccdd9e700d5,0,8,0,1.000000000000e0,none
qutrit_cyclic_5,3,5,1,3,1,3,5120,8,deterministic_corpus,exact_or_evenly_spaced_ordinal_v1,34338d3b23de7bdf2d71b754edbbf96fb5a2337e2e665b4a2d30f71ff231f48a,0,4,4,1.000000000000e0,none
qutrit_cyclic_5,3,5,1,3,1,4,20480,8,deterministic_corpus,exact_or_evenly_spaced_ordinal_v1,00bdd980428923385c817c47f5c9ac14ad12388de2ef2bf43c78ff32fbb82734,0,3,5,1.000000000000e0,none
qutrit_cyclic_5,3,5,1,3,1,5,32768,8,deterministic_corpus,exact_or_evenly_spaced_ordinal_v1,88fa31fc16e3f963b39ab2d8e4b2268589f013c26d9a9ac4866db36d5ecba5fb,0,5,3,1.000000000000e0,none
qutrit_shor_9,3,9,1,3,1,0,1,1,exhaustive,exact_or_evenly_spaced_ordinal_v1,eb142b0cae0baa72a767ebc0823d1be94e14c5bfc52d8e417fc4302fceb6240c,1,0,0,0,none
qutrit_shor_9,3,9,1,3,1,1,72,8,deterministic_corpus,exact_or_evenly_spaced_ordinal_v1,afa1a680ae3ce84d0ec479b22c0d631b0bdae9393b1a65361d452113e6d37078,8,0,0,0,none
qutrit_shor_9,3,9,1,3,1,2,2304,8,deterministic_corpus,exact_or_evenly_spaced_ordinal_v1,a75e4202272b7bfda2479b3aba6f4350e1ffc23379ff884b9b8697d3b732336b,1,7,0,8.750000000000e-1,none
qutrit_shor_9,3,9,1,3,1,3,43008,8,deterministic_corpus,exact_or_evenly_spaced_ordinal_v1,7571973eb13c35989ddd8c4cc0b36c017b399c1cef32dc37a30acf7edfdd9ee8,0,5,3,1.000000000000e0,none
qutrit_shor_9,3,9,1,3,1,4,516096,8,deterministic_corpus,exact_or_evenly_spaced_ordinal_v1,d1fbc09ff646acc62e647b1eb69ff7950a992667adf10f32b93530125b808cc9,2,5,1,7.500000000000e-1,none
qutrit_shor_9,3,9,1,3,1,5,4128768,8,deterministic_corpus,exact_or_evenly_spaced_ordinal_v1,12f002bfd2cfae41e8a2f71fdafc2d3da92d3a76c8e07289b6659e9085ad77fc,1,5,2,8.750000000000e-1,none
qutrit_shor_9,3,9,1,3,1,6,22020096,8,deterministic_corpus,exact_or_evenly_spaced_ordinal_v1,812ccabc2498780136a69ca40dc2850d23853e2c4ca129d58ddccad05cf52c29,0,5,3,1.000000000000e0,none
qutrit_shor_9,3,9,1,3,1,7,75497472,8,deterministic_corpus,exact_or_evenly_spaced_ordinal_v1,50ce89b69d7a5ed7351826e129983d33feabad3d83d608b4a8b9f084ab6bd1ac,0,6,2,1.000000000000e0,none
qutrit_shor_9,3,9,1,3,1,8,150994944,8,deterministic_corpus,exact_or_evenly_spaced_ordinal_v1,4e4dd7154ac0bcdc8b988a2904035f724d9ebe5a44a467645762f56ec3cf24fe,1,5,2,8.750000000000e-1,none
qutrit_shor_9,3,9,1,3,1,9,134217728,8,deterministic_corpus,exact_or_evenly_spaced_ordinal_v1,3667efe5bd5d96fae73c36e327283ad7e691c17e59e24b2feabb2951f1614fab,2,3,3,7.500000000000e-1,none
qutrit_golay_11,3,11,1,5,2,0,1,1,exhaustive,exact_or_evenly_spaced_ordinal_v1,762b023699a0e48aa95763f0cf7c0467f1d6e9880308c78ebbc1c423de7072d3,1,0,0,0,none
qutrit_golay_11,3,11,1,5,2,1,88,8,deterministic_corpus,exact_or_evenly_spaced_ordinal_v1,d163be419c2d3155fafa1a2c09d253ae0e44bd37de8ac4587698a81c13f3c9bc,8,0,0,0,none
qutrit_golay_11,3,11,1,5,2,2,3520,8,deterministic_corpus,exact_or_evenly_spaced_ordinal_v1,89367b8e731b09506f0dd757c695db9439af37a5134ddc58a88fb246544f96c5,8,0,0,0,none
qutrit_golay_11,3,11,1,5,2,3,84480,8,deterministic_corpus,exact_or_evenly_spaced_ordinal_v1,9e9a2ac738c8464168fb6e47fdc3f40e0f3de34b6e0addd1b7e546676adf53ed,0,8,0,1.000000000000e0,none
qutrit_golay_11,3,11,1,5,2,4,1351680,8,deterministic_corpus,exact_or_evenly_spaced_ordinal_v1,0c417c259dc09f65eec7504f8577285ba41e79b361f75f00dd2a7c14c267dd6b,1,5,2,8.750000000000e-1,none
qutrit_golay_11,3,11,1,5,2,5,15138816,8,deterministic_corpus,exact_or_evenly_spaced_ordinal_v1,a00bc213cdc238575e2435770dd709b2563906f7f3710e471577df526f825b72,3,2,3,6.250000000000e-1,none
qutrit_golay_11,3,11,1,5,2,6,121110528,8,deterministic_corpus,exact_or_evenly_spaced_ordinal_v1,e2887aa1f78364032667f74952a3a8906e4d7e05dd0a04f7b7d0e57a98f13456,2,3,3,7.500000000000e-1,none
qutrit_golay_11,3,11,1,5,2,7,692060160,8,deterministic_corpus,exact_or_evenly_spaced_ordinal_v1,3f383066696ad38f511e45c3e4c543f552a2c156c1247f081d51ab9917548eb5,2,5,1,7.500000000000e-1,none
qutrit_golay_11,3,11,1,5,2,8,2768240640,8,deterministic_corpus,exact_or_evenly_spaced_ordinal_v1,6351a86d8c1abe9bf1437036f7c0d904a07628796372cc06f3657c07debb9f31,1,6,1,8.750000000000e-1,none
qutrit_golay_11,3,11,1,5,2,9,7381975040,8,deterministic_corpus,exact_or_evenly_spaced_ordinal_v1,d0d407a601df9cdaf85b8b1b5724b887ca41be9c2a49d138457507a03827a701,0,8,0,1.000000000000e0,none
qutrit_golay_11,3,11,1,5,2,10,11811160064,8,deterministic_corpus,exact_or_evenly_spaced_ordinal_v1,28baf6985e9dfb849cd6ff64ff26206bce9c382759055ddfc2907252f0cfa1fd,0,7,1,1.000000000000e0,none
qutrit_golay_11,3,11,1,5,2,11,8589934592,8,deterministic_corpus,exact_or_evenly_spaced_ordinal_v1,41617b5cc15286d0d5cc00d0102541264ed7a97d33a96b860ccc502ac05ca3df,0,0,8,1.000000000000e0,none
five_qubit_5,2,5,1,3,1,0,1,1,exhaustive,exact_or_evenly_spaced_ordinal_v1,659d36ca563ba4622daabb36a71dafaf6060cdcbf89bb12e75426198496d272c,1,0,0,0,none
five_qubit_5,2,5,1,3,1,1,15,8,deterministic_corpus,exact_or_evenly_spaced_ordinal_v1,81db0f9fecb092b6fcad6f3399d51ed493db59721bdf723bf9a162dc57e47f31,8,0,0,0,none
five_qubit_5,2,5,1,3,1,2,90,8,deterministic_corpus,exact_or_evenly_spaced_ordinal_v1,7723c1d08f400aca8f8e6f762dc7013aaf0d71fa30ff6d761bc2fad87ad558e0,0,0,8,1.000000000000e0,none
five_qubit_5,2,5,1,3,1,3,270,8,deterministic_corpus,exact_or_evenly_spaced_ordinal_v1,eb217614613fbf8426c7cc01223a33a12037ea3b02997048822f82c812ee24ba,2,0,6,7.500000000000e-1,none
five_qubit_5,2,5,1,3,1,4,405,8,deterministic_corpus,exact_or_evenly_spaced_ordinal_v1,c1be75e9df5e4c22150f98db0d42dd84851e3ab1d32512794c235d72884e9e46,6,0,2,2.500000000000e-1,none
five_qubit_5,2,5,1,3,1,5,243,8,deterministic_corpus,exact_or_evenly_spaced_ordinal_v1,1e9f0a2ed8c632f1b6cd1e04db03f62cfe1c8c7dcb61da00d0b3e1d43f7292b7,0,0,8,1.000000000000e0,none
steane_7,2,7,1,3,1,0,1,1,exhaustive,exact_or_evenly_spaced_ordinal_v1,0679246d6c4216de0daa08e5523fb2674db2b6599c3b72ff946b488a15290b62,1,0,0,0,none
steane_7,2,7,1,3,1,1,21,8,deterministic_corpus,exact_or_evenly_spaced_ordinal_v1,65d893245fa78d29b328e121a3e91119ccabd8e402b56bc6ddccc2cd84a2f23c,8,0,0,0,none
steane_7,2,7,1,3,1,2,189,8,deterministic_corpus,exact_or_evenly_spaced_ordinal_v1,4141a9dc17f1ad5ac9e49dfe5d35060796020228d64815f5a4c959ebc07c8350,0,6,2,1.000000000000e0,none
steane_7,2,7,1,3,1,3,945,8,deterministic_corpus,exact_or_evenly_spaced_ordinal_v1,6e9ab402084b0654a2e2c792fd6434e18228f9e559cd25d628da72c17e3d3b2f,0,8,0,1.000000000000e0,none
steane_7,2,7,1,3,1,4,2835,8,deterministic_corpus,exact_or_evenly_spaced_ordinal_v1,18e838dbd36e6ac9f8839ba9c38279fe757da11b065f1b63996d80762a042805,0,6,2,1.000000000000e0,none
steane_7,2,7,1,3,1,5,5103,8,deterministic_corpus,exact_or_evenly_spaced_ordinal_v1,0acc45719e5591781f7d22c2b0fbf45aa32fc9055e9eec8b5c0ff23e8797be14,0,4,4,1.000000000000e0,none
steane_7,2,7,1,3,1,6,5103,8,deterministic_corpus,exact_or_evenly_spaced_ordinal_v1,7b70d79a0a9085622b80c900f689626382a635a3f55b17e469a774caaaec8a98,1,6,1,8.750000000000e-1,none
steane_7,2,7,1,3,1,7,2187,8,deterministic_corpus,exact_or_evenly_spaced_ordinal_v1,6412698d797ba92ed4f9fa001a208a3146c0a083b92789abe00fe5d467871298,2,4,2,7.500000000000e-1,none
surface_rotated_d3,2,9,1,3,1,0,1,1,exhaustive,exact_or_evenly_spaced_ordinal_v1,eb142b0cae0baa72a767ebc0823d1be94e14c5bfc52d8e417fc4302fceb6240c,1,0,0,0,none
surface_rotated_d3,2,9,1,3,1,1,27,8,deterministic_corpus,exact_or_evenly_spaced_ordinal_v1,d5eaff24d309f2a5d5f6480403056004f4b36d06862b994a3227a7c944786bff,8,0,0,0,none
surface_rotated_d3,2,9,1,3,1,2,324,8,deterministic_corpus,exact_or_evenly_spaced_ordinal_v1,17d9334caa24e578b63d95d9045c9cfa5d910b0a0af01df0b068d2def72c22be,1,6,1,8.750000000000e-1,none
surface_rotated_d3,2,9,1,3,1,3,2268,8,deterministic_corpus,exact_or_evenly_spaced_ordinal_v1,f8bfb9d2e36a7043c5009cbfcf92bf18101e615d2a1569e72a678154c65a8e8e,0,8,0,1.000000000000e0,none
surface_rotated_d3,2,9,1,3,1,4,10206,8,deterministic_corpus,exact_or_evenly_spaced_ordinal_v1,405de788812716a92f8164775dc0a4e38014a6f015109d7bc0391d6cab810e59,0,8,0,1.000000000000e0,none
surface_rotated_d3,2,9,1,3,1,5,30618,8,deterministic_corpus,exact_or_evenly_spaced_ordinal_v1,f859cf46c6830f4d0bc3699cdcf087415deea7ce73335e01b96008ece60290da,0,8,0,1.000000000000e0,none
surface_rotated_d3,2,9,1,3,1,6,61236,8,deterministic_corpus,exact_or_evenly_spaced_ordinal_v1,2480de4c35b946a0e5f6c5be4d54f4d10bc1f39c0934e6f45bb0b2643985eb60,0,7,1,1.000000000000e0,none
surface_rotated_d3,2,9,1,3,1,7,78732,8,deterministic_corpus,exact_or_evenly_spaced_ordinal_v1,ff6e70b34198a5ea526d21cc22554ec5b7aa0cfd40ccd802e4601950c3c80ba8,0,7,1,1.000000000000e0,none
surface_rotated_d3,2,9,1,3,1,8,59049,8,deterministic_corpus,exact_or_evenly_spaced_ordinal_v1,386fefd109d64f73c556a2d7f4bf54cf37cccd51aa484febeef1079d6c329cc0,0,8,0,1.000000000000e0,none
surface_rotated_d3,2,9,1,3,1,9,19683,8,deterministic_corpus,exact_or_evenly_spaced_ordinal_v1,bb90a1fa0639e277866712ae833f51e4c1ce2d7de8a8f564ea5e15180f2e7a32,1,7,0,8.750000000000e-1,none
reed_muller_15,2,15,1,3,1,0,1,1,exhaustive,exact_or_evenly_spaced_ordinal_v1,878f32f76b159494f5a39f9321616c6068cdb82e88df89bcc739bbc1ea78e1f9,1,0,0,0,none
reed_muller_15,2,15,1,3,1,1,45,8,deterministic_corpus,exact_or_evenly_spaced_ordinal_v1,5fd9d94dccaff93225a7dd474f531495ee880bfa015fd63fd7cc0d8cfc66b819,8,0,0,0,none
reed_muller_15,2,15,1,3,1,2,945,8,deterministic_corpus,exact_or_evenly_spaced_ordinal_v1,1c198cd34c5f1afbb33c830c2767d4b06b53ca51b0fd80d6b973a386d2721f66,0,7,1,1.000000000000e0,none
reed_muller_15,2,15,1,3,1,3,12285,8,deterministic_corpus,exact_or_evenly_spaced_ordinal_v1,96697ca44554e8a468fa9470e611f5e6356ca4b1346cf58e60ecd1469fff11e5,0,8,0,1.000000000000e0,none
reed_muller_15,2,15,1,3,1,4,110565,8,deterministic_corpus,exact_or_evenly_spaced_ordinal_v1,1a17b4b47be16f2fd54e64edce40b64e42389aa49747c24927374b1d2db0344b,0,8,0,1.000000000000e0,none
reed_muller_15,2,15,1,3,1,5,729729,8,deterministic_corpus,exact_or_evenly_spaced_ordinal_v1,62b00cff9564c9e1ce0d2d46253fbb5b626e6c91984855dd4ddb257c134be79a,0,8,0,1.000000000000e0,none
reed_muller_15,2,15,1,3,1,6,3648645,8,deterministic_corpus,exact_or_evenly_spaced_ordinal_v1,2fa81f111c0e591148b91d9f8798f535aeae06eb2bf219d2d98c788fa16007b4,0,8,0,1.000000000000e0,none
reed_muller_15,2,15,1,3,1,7,14073345,8,deterministic_corpus,exact_or_evenly_spaced_ordinal_v1,df524f8b5322c6808d2b77465c10ef0658f3fb41d1834e6949d5d8d2004f860c,0,8,0,1.000000000000e0,none
reed_muller_15,2,15,1,3,1,8,42220035,8,deterministic_corpus,exact_or_evenly_spaced_ordinal_v1,0f61a1a7174850d6a3ebbb6e5cbac875aca73e636474db7f6383789bfc7a01d1,0,8,0,1.000000000000e0,none
reed_muller_15,2,15,1,3,1,9,98513415,8,deterministic_corpus,exact_or_evenly_spaced_ordinal_v1,648151b0d1583cc594cf590868385abf85d4f375d4442d6cdca3f8cce0e9c076,0,8,0,1.000000000000e0,none
reed_muller_15,2,15,1,3,1,10,177324147,8,deterministic_corpus,exact_or_evenly_spaced_ordinal_v1,4ab223d754347f0a98116d4d9683476a343c751a5792360307cfc97be5d19d2f,0,8,0,1.000000000000e0,none
reed_muller_15,2,15,1,3,1,11,241805655,8,deterministic_corpus,exact_or_evenly_spaced_ordinal_v1,4fa6b79b2b9f5853b8fed43c4dc34dc30e3d57fbea8fd57da2d4f6b1147a2376,0,8,0,1.000000000000e0,none
reed_muller_15,2,15,1,3,1,12,241805655,8,deterministic_corpus,exact_or_evenly_spaced_ordinal_v1,ba2fb6908e85fea25f6ee7da619dbfd2d6ab18f62ab057e756ae2896cd4dea5c,0,8,0,1.000000000000e0,none
reed_muller_15,2,15,1,3,1,13,167403915,8,deterministic_corpus,exact_or_evenly_spaced_ordinal_v1,78530a6249d55c7df0b86e198a23e132b1f7134caff949407c2bffb94bfa6168,0,8,0,1.000000000000e0,none
reed_muller_15,2,15,1,3,1,14,71744535,8,deterministic_corpus,exact_or_evenly_spaced_ordinal_v1,1e199412f3070dddf3b1ba7e7d23215a9ec1b91a18415e28032ab92ff577b669,0,7,1,1.000000000000e0,none
reed_muller_15,2,15,1,3,1,15,14348907,8,deterministic_corpus,exact_or_evenly_spaced_ordinal_v1,43df6cde0aeaf909eeebaca02c45983b5f03493c22d171545ee82d403d02220b,0,4,4,1.000000000000e0,none
