physical_error_rate,harmonic_noise_sigma,tolerance,trials,seed,accepted,rejected,receiver_rejections,decoder_rejections,trusted_correct_syndrome,receiver_false_trust,incorrect_trusted_syndrome,accepted_incorrect_syndrome,accepted_logical_residual,successful,false_accepts,frame_errors,frame_error_rate,wilson95_low,wilson95_high
0.001,0,0.350000,30,31,30,0,0,0,30,0,0,0,0,30,0,0,0.000000000000E+12,0.000000000000E+00,1.135133931740E-01
0.001,0.02,0.350000,30,31,30,0,0,0,30,0,0,0,0,30,0,0,0.000000000000E+12,0.000000000000E+00,1.135133931740E-01
0.001,0.05,0.350000,30,31,30,0,0,0,30,0,0,0,0,30,0,0,0.000000000000E+12,0.000000000000E+00,1.135133931740E-01
0.001,0.10,0.350000,30,31,29,1,1,0,29,0,0,0,0,29,0,1,3.333333333333E-2,5.908590381612E-03,1.667039099141E-01
0.001,0.20,0.350000,30,31,4,26,26,0,4,0,0,0,0,4,0,26,8.666666666667E-1,7.031867331796E-01,9.469034451595E-01
0.001,0.35,0.350000,30,31,0,30,30,0,0,0,0,0,0,0,0,30,1.000000000000E+0,8.864866068260E-01,1.000000000000E+00
0.001,0.50,0.350000,30,31,0,30,30,0,0,0,0,0,0,0,0,30,1.000000000000E+0,8.864866068260E-01,1.000000000000E+00
0.01,0,0.350000,30,31,30,0,0,0,30,0,0,0,0,30,0,0,0.000000000000E+12,0.000000000000E+00,1.135133931740E-01
0.01,0.02,0.350000,30,31,30,0,0,0,30,0,0,0,0,30,0,0,0.000000000000E+12,0.000000000000E+00,1.135133931740E-01
0.01,0.05,0.350000,30,31,30,0,0,0,30,0,0,0,0,30,0,0,0.000000000000E+12,0.000000000000E+00,1.135133931740E-01
0.01,0.10,0.350000,30,31,30,0,0,0,30,0,0,0,0,30,0,0,0.000000000000E+12,0.000000000000E+00,1.135133931740E-01
0.01,0.20,0.350000,30,31,3,27,27,0,3,0,0,0,0,3,0,27,9.000000000000E-1,7.437891742082E-01,9.654001112527E-01
0.01,0.35,0.350000,30,31,0,30,30,0,0,0,0,0,0,0,0,30,1.000000000000E+0,8.864866068260E-01,1.000000000000E+00
0.01,0.50,0.350000,30,31,0,30,30,0,0,0,0,0,0,0,0,30,1.000000000000E+0,8.864866068260E-01,1.000000000000E+00
